{"cameraMode":{"drawMode":0,"name":"Shaded","section":"Shading Mode"},"sceneLighting":true,"audioPlay":false,"sceneViewState":{"showFog":true,"showMaterialUpdate":false,"showSkybox":true,"showFlares":true,"showImageEffects":true,"showParticleSystems":true},"in2DMode":false,"pivot":{"x":81.42720794677735,"y":59.666107177734378,"z":-43.50552749633789},"rotation":{"x":0.2565399408340454,"y":0.02058146521449089,"z":-0.005463881883770227,"w":0.9663020968437195},"size":359.4215087890625,"orthographic":false}