{"cameraMode":{"drawMode":0,"name":"Shaded","section":"Shading Mode"},"sceneLighting":true,"audioPlay":false,"sceneViewState":{"showFog":true,"showMaterialUpdate":false,"showSkybox":true,"showFlares":true,"showImageEffects":true,"showParticleSystems":true},"in2DMode":false,"pivot":{"x":-28.305818557739259,"y":4.178256034851074,"z":36.59014129638672},"rotation":{"x":-0.03826851397752762,"y":-0.3263323903083801,"z":-0.013223908841609955,"w":0.9443885087966919},"size":24.538419723510743,"orthographic":false}