{"cameraMode":{"drawMode":0,"name":"Shaded","section":"Shading Mode"},"sceneLighting":true,"audioPlay":false,"sceneViewState":{"showFog":true,"showMaterialUpdate":false,"showSkybox":true,"showFlares":true,"showImageEffects":true,"showParticleSystems":true},"in2DMode":false,"pivot":{"x":214.1919403076172,"y":57.794097900390628,"z":-64.72998046875},"rotation":{"x":0.25589385628700259,"y":0.12456945329904556,"z":-0.03327275440096855,"w":0.9580725431442261},"size":359.4215087890625,"orthographic":false}